<rules
    xmlns="http://namespaces.plone.org/diazo"
    xmlns:css="http://namespaces.plone.org/diazo/css">

    <theme href="index.html" css:if-content="#visual-portal-wrapper" />

    <replace css:theme="html head title" css:content="html head title" />
    <replace css:theme="html head base" css:content="html head base" />

    <replace css:content="#portal-colophon" css:theme="#portal-colophon" /> 
    <replace css:content-children="#portal-column-content" css:theme-children="#portal-column-content" /> 
    <replace css:content="#portal-column-one" css:theme-children="#portal-column-one" /> 
    <replace css:content="#portal-column-two" css:theme-children="#portal-column-two" /> 
    <replace css:content="#portal-footer" css:theme="#portal-footer" /> 
    <replace css:content="#portal-globalnav" css:theme="#portal-globalnav" /> 
    <replace css:content="#portal-logo" css:theme="#portal-logo" /> 
    <replace css:content="#portal-personaltools-wrapper" css:theme="#portal-personaltools-wrapper" />
    <replace css:content="#portal-searchbox" css:theme="#portal-searchbox" /> 
    <replace css:content="#portal-siteactions" css:theme="#portal-siteactions" /> 

    <!-- Uncomment to remove diazo branding
    <drop css:theme="#diazo_branding" /> 
    -->

    <!-- Presentation view not working -->
    <drop css:content="#link-presentation" />

</rules>
